 x , Cluster6 , Cluster5 , Cluster4 , Cluster3 , Cluster2 , Cluster1 
0.4,0.158308628,0.157479162,0.090033186,0.089050671,0.038462074,0.010288086
0.4025,0.165897316,0.147681679,0.09309187,0.074565263,0.040889475,0.013935987
0.405,0.170530641,0.145007765,0.096157738,0.079316489,0.042828424,0.016976912
0.4075,0.173405084,0.147026709,0.099317717,0.085662525,0.04447761,0.019491514
0.41,0.175717126,0.151307799,0.102658729,0.086990435,0.046035725,0.02156045
0.4125,0.178663249,0.155420325,0.106267698,0.089519074,0.04770146,0.023264373
0.415,0.183369827,0.157228623,0.110209653,0.093550519,0.049663095,0.024683937
0.4175,0.188542364,0.159069327,0.114217696,0.096372211,0.051748103,0.025899797
0.42,0.192338068,0.164453018,0.117771589,0.098052059,0.053347357,0.026992607
0.4225,0.197677072,0.167111371,0.120687486,0.100243137,0.054467852,0.028043022
0.425,0.201802598,0.170207418,0.123364695,0.105403793,0.056196737,0.029131695
0.4275,0.20237262,0.17596212,0.125873815,0.107156533,0.058893362,0.030339248
0.43,0.20937738,0.179454428,0.127366303,0.108653441,0.061690482,0.031716638
0.4325,0.215442555,0.182211128,0.128625754,0.114067127,0.063936919,0.033230612
0.435,0.21956545,0.186353586,0.135643791,0.117787129,0.066047807,0.034792259
0.4375,0.221279182,0.190066832,0.140590075,0.119581739,0.06840173,0.036146399
0.44,0.223939743,0.192992317,0.143036364,0.12202397,0.070618857,0.037088229
0.4425,0.230013012,0.195808776,0.14537036,0.12488268,0.072275306,0.037958968
0.445,0.233896119,0.199103333,0.147808589,0.127028742,0.073602811,0.039215526
0.4475,0.235208761,0.203166448,0.150284456,0.128458478,0.075073453,0.040589176
0.45,0.237044658,0.205828057,0.152651625,0.129779848,0.07668649,0.041491376
0.4525,0.239614575,0.206646925,0.154860366,0.131839188,0.078166508,0.042045611
0.455,0.241884312,0.207511022,0.156934512,0.135459518,0.079453093,0.042864489
0.4575,0.243728448,0.209130891,0.159002159,0.138751172,0.080666627,0.044102278
0.46,0.245907515,0.211015647,0.161271231,0.140050716,0.081854561,0.045452501
0.4625,0.248721414,0.212852752,0.163586215,0.141001543,0.08297454,0.046592405
0.465,0.251800432,0.214639309,0.165481518,0.142494556,0.08401977,0.047397518
0.4675,0.254827724,0.216431054,0.166746102,0.143926759,0.085047715,0.048057683
0.47,0.257603842,0.218352469,0.167663865,0.144957315,0.086096669,0.048717513
0.4725,0.259952289,0.220493058,0.168612545,0.146119811,0.087149836,0.049359634
0.475,0.261929668,0.222753279,0.170073883,0.147892975,0.088183034,0.049976854
0.4775,0.263766664,0.224940872,0.172323133,0.149837134,0.089194044,0.05066218
0.48,0.265689406,0.22677289,0.174794566,0.151482195,0.090263348,0.051502438
0.4825,0.267884551,0.228097866,0.176889074,0.153093427,0.091475471,0.052467829
0.485,0.270429793,0.229546018,0.178901274,0.154996202,0.092831227,0.053498237
0.4875,0.272761316,0.231865437,0.181345318,0.15711199,0.094304235,0.054550679
0.49,0.274244441,0.234638475,0.18435598,0.159209964,0.09587687,0.055603943
0.4925,0.276076657,0.236967028,0.187896798,0.161260278,0.097535704,0.056782024
0.495,0.280096443,0.238884184,0.19151594,0.163402247,0.099267334,0.058268226
0.4975,0.282284397,0.241018525,0.194615231,0.165586994,0.101058359,0.059898716
0.5,0.282741882,0.243487637,0.197066135,0.167623639,0.102894432,0.06125148
0.5025,0.288594385,0.245937589,0.199168168,0.169584749,0.104736373,0.062261249
0.505,0.291337077,0.248257579,0.20113177,0.17182269,0.106522536,0.063249592
0.5075,0.295448328,0.250664219,0.203035512,0.174300856,0.108413603,0.064333963
0.51,0.300338767,0.253295096,0.204985256,0.176389907,0.110886601,0.065302303
0.5125,0.303915822,0.256113654,0.207146594,0.177971616,0.113899414,0.066068094
0.515,0.30757359,0.259036243,0.209552625,0.180894204,0.116712036,0.066857899
0.5175,0.310829873,0.261857647,0.212028031,0.186753452,0.118825974,0.067849145
0.52,0.312340847,0.264433013,0.214522678,0.183465525,0.120577611,0.068964254
0.5225,0.313378449,0.266936011,0.217481878,0.190358807,0.122339027,0.07010809
0.525,0.315410159,0.269501724,0.221296126,0.193580191,0.124001155,0.071304708
0.5275,0.317995938,0.271946269,0.225602224,0.194364462,0.125384333,0.072611655
0.53,0.320236668,0.274072162,0.231798632,0.195023026,0.126641115,0.074100911
0.5325,0.322253063,0.276290869,0.235755581,0.198634773,0.128041125,0.075831606
0.535,0.326810081,0.279249063,0.23720119,0.203612147,0.129790966,0.077699886
0.5375,0.332737447,0.282359318,0.240193322,0.205455286,0.132046265,0.079530156
0.54,0.334035012,0.284635055,0.24504902,0.206720062,0.134717752,0.081339278
0.5425,0.341107709,0.286383518,0.249392884,0.208854468,0.137549375,0.083283132
0.545,0.338462108,0.288971038,0.252306771,0.212018904,0.140549347,0.085477036
0.5475,0.340894526,0.292269058,0.254412665,0.215573529,0.143876081,0.087989424
0.55,0.350615268,0.295059039,0.257091644,0.218065313,0.147076186,0.090753325
0.5525,0.354456122,0.297608882,0.262358683,0.223425948,0.14984394,0.093517782
0.555,0.360530578,0.300192703,0.268004449,0.228540784,0.152450009,0.096042213
0.5575,0.362554181,0.302684731,0.269492737,0.225610001,0.155447697,0.098140139
0.56,0.364847776,0.304888375,0.276264398,0.23496668,0.159890625,0.100234402
0.5625,0.367614493,0.306537804,0.281041648,0.235862919,0.164378546,0.103736786
0.565,0.370393789,0.308215332,0.28554212,0.239940118,0.165076577,0.108507816
0.5675,0.37293418,0.313543209,0.286374535,0.242840677,0.172936695,0.111228468
0.57,0.375111076,0.318660535,0.29321312,0.247333604,0.176487072,0.11292158
0.5725,0.377551613,0.320753811,0.299973928,0.250794419,0.179059412,0.116312066
0.575,0.381174855,0.322927651,0.300160877,0.252573459,0.186486424,0.120102226
0.5775,0.386351746,0.325245957,0.301219776,0.258521822,0.190142349,0.123629474
0.58,0.390513017,0.32693402,0.304819759,0.260342533,0.192409979,0.12689235
0.5825,0.393029148,0.328235513,0.309318119,0.261538191,0.193556597,0.129436192
0.585,0.395274085,0.330043851,0.313528185,0.263767387,0.194524191,0.13126093
0.5875,0.397880427,0.332382951,0.316871881,0.26671508,0.196763552,0.132755997
0.59,0.400574166,0.33446231,0.319328117,0.269186541,0.200308551,0.134641828
0.5925,0.402502154,0.335931421,0.3213658,0.26927628,0.203956233,0.137920089
0.595,0.403633149,0.33705006,0.324015675,0.269144276,0.207126916,0.142125566
0.5975,0.405192999,0.338367679,0.327257786,0.274792451,0.209593844,0.145412284
0.6,0.407873076,0.340769105,0.329691079,0.281273995,0.211603737,0.147102838
0.6025,0.411018879,0.344018407,0.331670648,0.278239351,0.213379486,0.148120359
0.605,0.413978817,0.347175107,0.333798028,0.283671692,0.214962285,0.149280176
0.6075,0.416617231,0.349602205,0.336132204,0.286448354,0.216395409,0.150754754
0.61,0.41887726,0.35133299,0.338559293,0.286734425,0.217829132,0.152543405
0.6125,0.420629881,0.352540509,0.340655985,0.28816481,0.219413644,0.154414413
0.615,0.421799281,0.353672288,0.342039118,0.290490668,0.221176046,0.156108142
0.6175,0.422759207,0.355172807,0.343087642,0.292359275,0.223065403,0.157575066
0.62,0.424000169,0.356802394,0.344399264,0.293478899,0.224740905,0.15884607
0.6225,0.425505225,0.358061362,0.345902514,0.294093944,0.225833109,0.159952202
0.625,0.426999321,0.359029142,0.347201682,0.295057579,0.227143851,0.160924508
0.6275,0.428420087,0.360139582,0.348412451,0.297468842,0.230018387,0.16179821
0.63,0.4298648,0.361579738,0.349884948,0.299927969,0.232318535,0.162684808
0.6325,0.4314144,0.363314773,0.351417591,0.300798647,0.232451028,0.163756119
0.635,0.43312727,0.365270897,0.352683754,0.301580872,0.232518008,0.164976628
0.6375,0.434972517,0.367335754,0.353669133,0.303055265,0.233492398,0.166062052
0.64,0.436795268,0.369343598,0.354798268,0.304582596,0.234514425,0.166937149
0.6425,0.43850706,0.371044601,0.356320467,0.305944387,0.235272445,0.167897545
0.645,0.440167766,0.372376461,0.358076952,0.307567525,0.236798321,0.169093913
0.6475,0.441802284,0.373730297,0.359861621,0.309719381,0.239607133,0.170259629
0.65,0.443291477,0.375438695,0.361545206,0.311739827,0.242357437,0.171224536
0.6525,0.444756279,0.377145506,0.36325189,0.312971734,0.243833643,0.17233132
0.655,0.447316107,0.378431653,0.36509962,0.313839654,0.24457427,0.173882433
0.6575,0.450586855,0.379720067,0.366928842,0.314958578,0.245540588,0.175487638
0.66,0.452405088,0.381572488,0.368560834,0.316503234,0.247114618,0.176639931
0.6625,0.453484401,0.383783637,0.370253132,0.318478385,0.248824324,0.177445096
0.665,0.455614384,0.385877478,0.372384883,0.320668012,0.250318143,0.178267082
0.6675,0.458534349,0.387927223,0.374687841,0.32269402,0.251633204,0.179464005
0.67,0.460846824,0.390300477,0.376557205,0.32437046,0.252854373,0.181349371
0.6725,0.462405912,0.392864168,0.378142484,0.325659804,0.254066539,0.183571726
0.675,0.464080115,0.395088703,0.380180419,0.326768321,0.255355014,0.185261839
0.6775,0.466193791,0.396878631,0.382496161,0.328126104,0.25680288,0.186248028
0.68,0.468428995,0.398635588,0.383896682,0.329898329,0.258387848,0.187153463
0.6825,0.470555626,0.40058193,0.3846103,0.331889427,0.259949775,0.188318735
0.685,0.472532859,0.402621794,0.386850487,0.333910265,0.261399495,0.189582182
0.6875,0.474450111,0.404634894,0.390370683,0.335864901,0.262794346,0.190791319
0.69,0.476639967,0.406507148,0.393530592,0.337712904,0.264202235,0.19190627
0.6925,0.47920418,0.408198893,0.395267253,0.339511365,0.265678315,0.192935678
0.695,0.481758229,0.409895168,0.396317615,0.341322064,0.267245814,0.193991629
0.6975,0.483969838,0.411747517,0.39755156,0.343167708,0.268818598,0.19518912
0.7,0.485967104,0.413572988,0.398920554,0.345066196,0.27032652,0.196569608
0.7025,0.487964092,0.415160045,0.400198959,0.347057148,0.271915548,0.198130225
0.705,0.489918576,0.416698839,0.401636766,0.349167242,0.273766081,0.199714429
0.7075,0.491706099,0.418510263,0.403565987,0.351268182,0.275776333,0.201128758
0.71,0.493373933,0.420663471,0.405758763,0.353179368,0.277717118,0.202399759
0.7125,0.495055802,0.423076349,0.407818759,0.354951763,0.279404702,0.20366678
0.715,0.496765873,0.425480593,0.409625288,0.356782668,0.280698037,0.204947513
0.7175,0.49842803,0.427484235,0.411267312,0.358677772,0.281697883,0.206166013
0.72,0.500002506,0.429119288,0.412828149,0.360375577,0.282717551,0.207265243
0.7225,0.501491904,0.43085872,0.41437887,0.361885146,0.283972415,0.20828645
0.725,0.502994429,0.432858039,0.415950127,0.363569407,0.285544801,0.209298859
0.7275,0.504741782,0.434786085,0.417515259,0.365490492,0.287240714,0.210340644
0.73,0.506761159,0.436475272,0.419069389,0.367164168,0.288413167,0.211397295
0.7325,0.508649397,0.438161548,0.420660103,0.368391483,0.28903082,0.212450156
0.735,0.510179563,0.440007005,0.422245775,0.369773982,0.290528002,0.213482855
0.7375,0.511768014,0.441828928,0.423514864,0.371628704,0.292978138,0.214464723
0.74,0.513755716,0.443422644,0.424279943,0.373456495,0.295188481,0.215315626
0.7425,0.515720159,0.44473978,0.425048973,0.374819918,0.296227259,0.215985058
0.745,0.517154446,0.44580348,0.426378969,0.376065173,0.296605093,0.216617678
0.7475,0.51819154,0.446823926,0.42808112,0.377662182,0.297168771,0.217381094
0.75,0.51917271,0.448043064,0.429736071,0.379268764,0.298039557,0.218184925
0.7525,0.52023053,0.449389997,0.431273731,0.380312203,0.29903566,0.218852507
0.755,0.521384675,0.450648636,0.432791957,0.381502656,0.3000875,0.219475796
0.7575,0.522575992,0.451802022,0.434242222,0.384127377,0.301189293,0.220292141
0.76,0.523694419,0.4529743,0.435477944,0.386267366,0.302255619,0.22125005
0.7625,0.524728213,0.454262846,0.436505382,0.386552181,0.303140195,0.222063505
0.765,0.525761234,0.4557331,0.437479399,0.386784736,0.303884109,0.222686307
0.7675,0.526809913,0.457331859,0.438432614,0.387835466,0.30474278,0.223353153
0.77,0.52781468,0.458849078,0.439226032,0.389138404,0.305805125,0.224153783
0.7725,0.528860257,0.460176321,0.439846249,0.390248604,0.306892423,0.224924653
0.775,0.530089956,0.461415091,0.440536295,0.391135394,0.307933163,0.225574171
0.7775,0.531534536,0.462633921,0.44144199,0.391874745,0.308926782,0.226218766
0.78,0.533153308,0.463754884,0.442381022,0.392703539,0.309873395,0.226926571
0.7825,0.534849693,0.464713544,0.44315502,0.393772422,0.310773116,0.227527826
0.785,0.536321889,0.465584841,0.443704342,0.394811265,0.311617811,0.227867514
0.7875,0.537302182,0.466465717,0.44404693,0.395558674,0.312362224,0.22806562
0.79,0.537967291,0.467395532,0.444444607,0.396333638,0.312962255,0.228312252
0.7925,0.538624966,0.468377967,0.445190472,0.397559534,0.313449487,0.228750621
0.795,0.539435986,0.469287488,0.44617489,0.398938762,0.313891668,0.229476176
0.7975,0.540470835,0.469963846,0.447118657,0.399883702,0.314412984,0.230303028
0.8,0.541555348,0.470569908,0.448009845,0.400448708,0.315156523,0.23090669
0.8025,0.542372169,0.471461374,0.449005046,0.401100218,0.316070656,0.231260887
0.805,0.542967818,0.472574046,0.450079337,0.402021491,0.316977569,0.231569382
0.8075,0.543716854,0.473467389,0.45104444,0.403127854,0.31779684,0.231950381
0.81,0.544759115,0.474067359,0.451896671,0.404238922,0.318473063,0.232423085
0.8125,0.545924579,0.474773613,0.452826097,0.405069293,0.318952083,0.232957743
0.815,0.547034635,0.475679095,0.453723168,0.405565031,0.319283505,0.233459817
0.8175,0.547930244,0.47634767,0.454346149,0.406085089,0.319681932,0.233870753
0.82,0.548573962,0.476858339,0.454613829,0.406855107,0.320224987,0.234216442
0.8225,0.549219187,0.47762829,0.454836216,0.407676483,0.320893789,0.234554243
0.825,0.550042068,0.478861933,0.455249457,0.408361288,0.321584572,0.235002659
0.8275,0.550800935,0.480011303,0.455631792,0.408977608,0.322125372,0.235609534
0.83,0.551251954,0.480544473,0.455756791,0.409624923,0.322406525,0.236083181
0.8325,0.551592045,0.48082281,0.455869619,0.410282787,0.322639386,0.23614598
0.835,0.552099719,0.481406212,0.456295684,0.410907769,0.323086065,0.236133196
0.8375,0.552647744,0.482273832,0.45687491,0.41156111,0.323650043,0.236378499
0.84,0.552965445,0.483160131,0.457265033,0.412334101,0.324096423,0.236796768
0.8425,0.553177514,0.483933615,0.457481116,0.413139733,0.324412566,0.237258506
0.845,0.553633197,0.484551142,0.457749444,0.413791428,0.324723587,0.237674702
0.8475,0.554331155,0.485055482,0.458121922,0.414288815,0.325151116,0.238079657
0.85,0.5549751,0.485558888,0.458517815,0.414787733,0.325689968,0.238529946
0.8525,0.555476799,0.48609184,0.458933872,0.415327228,0.326212514,0.239047468
0.855,0.556001752,0.486587657,0.459389172,0.41580471,0.326775479,0.239612978
0.8575,0.556641794,0.487064353,0.459889368,0.41618874,0.327693662,0.240170158
0.86,0.557346197,0.487685304,0.46041841,0.416575907,0.328973934,0.240607061
0.8625,0.558040784,0.488497232,0.460958271,0.417051726,0.330000596,0.240928393
0.865,0.558627746,0.489253741,0.46149093,0.417650406,0.330372798,0.241413569
0.8675,0.559087482,0.489819487,0.462008119,0.418384696,0.330453846,0.242220632
0.87,0.559661414,0.490543807,0.462532833,0.419221103,0.330639491,0.242997973
0.8725,0.560546691,0.491718392,0.463078773,0.42011864,0.330962854,0.243422362
0.875,0.561495555,0.492922073,0.46358794,0.421044404,0.331385145,0.24377145
0.8775,0.562200354,0.493635117,0.463999807,0.421953186,0.331951717,0.244423907
0.88,0.562811027,0.494053543,0.464375358,0.422701735,0.33271274,0.245275221
0.8825,0.563628712,0.494631304,0.464817892,0.42314219,0.333521293,0.246044355
0.885,0.564587068,0.495461926,0.465354828,0.423483279,0.334154673,0.246669572
0.8875,0.565419324,0.496428243,0.465968923,0.424104344,0.334641561,0.247214582
0.89,0.566035677,0.497367718,0.466628201,0.424841208,0.335171157,0.247727021
0.8925,0.566489148,0.498090561,0.467287466,0.425120785,0.335727201,0.248240523
0.895,0.566836711,0.498592466,0.467849121,0.425051186,0.336104698,0.248788608
0.8975,0.567135339,0.499070774,0.468161868,0.425497015,0.336317164,0.249415108
0.9,0.567442006,0.499608983,0.468253542,0.426818914,0.33666595,0.250176201
0.9025,0.567813283,0.500103781,0.468425109,0.428053134,0.337295691,0.251050494
0.905,0.568240207,0.500486435,0.468823636,0.42859423,0.338039373,0.251877439
0.9075,0.56857647,0.500793165,0.469226039,0.429005893,0.338736792,0.2524823
0.91,0.56873026,0.501073409,0.46947362,0.429756601,0.339324358,0.25282317
0.9125,0.568822719,0.501376603,0.469736951,0.430595707,0.339770957,0.253252182
0.915,0.568996237,0.501740301,0.470163238,0.431219309,0.340108357,0.254072464
0.9175,0.569316217,0.502151427,0.4705411,0.431662205,0.340404058,0.255068337
0.92,0.569805457,0.50257835,0.470645516,0.432042341,0.340837073,0.255935552
0.9225,0.570350341,0.502958177,0.470756755,0.432434028,0.341586548,0.256676075
0.925,0.57080254,0.503231105,0.471280491,0.432902226,0.34256637,0.257404182
0.9275,0.571171522,0.50347448,0.472008914,0.433578377,0.343576542,0.258194223
0.93,0.571546183,0.503826274,0.472464175,0.434595098,0.344487108,0.259091036
0.9325,0.57194284,0.504242589,0.473000423,0.43559655,0.345225564,0.26002578
0.935,0.572335737,0.504569476,0.474523848,0.435925918,0.345953155,0.260856254
0.9375,0.572994395,0.505258968,0.476330294,0.436397456,0.347033768,0.261698305
0.94,0.574479241,0.507358302,0.476075728,0.439259248,0.348826289,0.262927091
0.9425,0.576807973,0.510690699,0.475821442,0.443272642,0.351664515,0.264639729
0.945,0.579218685,0.5136592,0.482998847,0.445058299,0.355093554,0.266525858
0.9475,0.581149984,0.51545484,0.484719048,0.445666681,0.35750105,0.268244986
0.95,0.582545803,0.515878572,0.483492831,0.446180558,0.358553449,0.269563556
0.9525,0.583456175,0.515785212,0.48374895,0.446716292,0.358703993,0.270494983
0.955,0.584062414,0.515938362,0.484705253,0.447252242,0.358414662,0.271106774
0.9575,0.584528249,0.516314922,0.485093119,0.447760171,0.358147434,0.271529945
0.96,0.584860105,0.516743577,0.485222396,0.448234008,0.358260833,0.271923043
0.9625,0.585040875,0.517114707,0.485662187,0.44877889,0.358624133,0.272513222
0.965,0.585139865,0.51736406,0.486245777,0.449503888,0.35899775,0.273484468
0.9675,0.585291006,0.517614096,0.486639138,0.450319257,0.359387058,0.27458456
0.97,0.585913776,0.518083328,0.487282997,0.45107647,0.359905065,0.27542877
0.9725,0.587541058,0.519170986,0.488965982,0.451882407,0.360712423,0.276156231
0.975,0.589910448,0.521316522,0.49141997,0.452987581,0.361974817,0.277189638
0.9775,0.591915416,0.523887176,0.493260687,0.454381552,0.36348725,0.278546517
0.98,0.593091053,0.525421725,0.494105935,0.455729032,0.36475609,0.279916513
0.9825,0.593629386,0.525695027,0.494579421,0.456863055,0.365649403,0.281115473
0.985,0.593839251,0.525880204,0.495083397,0.457751771,0.366447292,0.28211058
0.9875,0.594145556,0.526555585,0.49567644,0.458421367,0.367337704,0.282848538
0.99,0.594707515,0.527270279,0.496343311,0.458982904,0.368332584,0.283233343
0.9925,0.595188103,0.527702462,0.496977129,0.45951595,0.369344001,0.283370337
0.995,0.5954046,0.527995729,0.497511681,0.460016967,0.370101961,0.283804699
0.9975,0.595701086,0.528325623,0.498009057,0.460499258,0.370480501,0.284847882
1,0.596344841,0.528781842,0.498529525,0.461059991,0.370862991,0.285928044
1.0025,0.59702263,0.529403952,0.499053402,0.461781395,0.371594375,0.286485223
1.005,0.597405603,0.530083463,0.499556261,0.462611062,0.372430482,0.286741837
1.0075,0.597776353,0.530686561,0.50008425,0.463458201,0.373034961,0.287075874
1.01,0.598542265,0.53117502,0.500695672,0.464221772,0.373506325,0.287497695
1.0125,0.599533127,0.53155773,0.501364885,0.464813761,0.374086201,0.287900177
1.015,0.600343924,0.531935883,0.502031291,0.465306218,0.374766639,0.288420113
1.0175,0.600951752,0.532452432,0.50268013,0.465852446,0.37541337,0.289302136
1.02,0.601571822,0.533122255,0.503326047,0.466511663,0.376047182,0.290411057
1.0225,0.602242857,0.533861228,0.503977783,0.467269359,0.376800205,0.291334982
1.025,0.602847959,0.534547499,0.504638009,0.468068241,0.377623856,0.291967048
1.0275,0.603440542,0.535026645,0.505296429,0.468809637,0.378282507,0.292524455
1.03,0.604285781,0.535352243,0.505927727,0.469461542,0.378757636,0.293155466
1.0325,0.605397472,0.535877076,0.506551516,0.470090343,0.379353769,0.293887069
1.035,0.606343322,0.536712254,0.507264624,0.470740798,0.380181381,0.29469067
1.0375,0.606884932,0.537440609,0.508084582,0.471399303,0.380913966,0.295445546
1.04,0.607344203,0.537808988,0.508823781,0.472051934,0.381333294,0.296087835
1.0425,0.608027013,0.538202403,0.509355377,0.472703351,0.381671909,0.296744517
1.045,0.608912823,0.538959457,0.509856805,0.473358326,0.382161765,0.297522882
1.0475,0.60989452,0.539781363,0.510505675,0.474008961,0.382714549,0.298316152
1.05,0.610777833,0.540292898,0.511170348,0.474649477,0.383201351,0.298996482
1.0525,0.611386664,0.540611568,0.511673842,0.475305103,0.38372803,0.299628384
1.055,0.611859437,0.541010113,0.512179848,0.476000084,0.384454249,0.300332874
1.0575,0.612444863,0.541563372,0.512954084,0.476653647,0.385271904,0.301118409
1.06,0.613125943,0.54223836,0.513789723,0.477150909,0.385950579,0.301935989
1.0625,0.613733948,0.542911848,0.514229934,0.477634011,0.386448282,0.302738475
1.065,0.614241025,0.543407093,0.514398843,0.47840947,0.386855972,0.303517749
1.0675,0.614736409,0.543761253,0.514887939,0.479394888,0.387240808,0.304294842
1.07,0.615259563,0.544215648,0.51575202,0.480133583,0.387644516,0.304994886
1.0725,0.615789165,0.544789642,0.516422188,0.480501265,0.388129321,0.305435789
1.075,0.616311361,0.545195519,0.516671425,0.480838546,0.388785309,0.305643334
1.0775,0.616829303,0.545320629,0.51686429,0.481348533,0.38959649,0.305979078
1.08,0.617348096,0.545417119,0.517243741,0.481918634,0.390346462,0.306627034
1.0825,0.617873855,0.545664773,0.51767149,0.482448025,0.390896626,0.307316483
1.085,0.618405221,0.545951113,0.518033408,0.482956086,0.391368219,0.307836311
1.0875,0.618917139,0.546175743,0.518448312,0.48347322,0.391883566,0.308349131
1.09,0.619375155,0.546458968,0.519038277,0.483998728,0.392412912,0.309016448
1.0925,0.619723301,0.546929754,0.51973744,0.484524784,0.392889653,0.309669855
1.095,0.619933206,0.547486541,0.52043522,0.48504423,0.393239747,0.310102615
1.0975,0.620194957,0.547966279,0.521072235,0.485553501,0.393408275,0.31045892
1.1,0.620747007,0.548330275,0.521618134,0.486075602,0.393510875,0.310994346
1.1025,0.621451623,0.548602429,0.522125527,0.486637994,0.393732215,0.311685938
1.105,0.621981575,0.548850027,0.522683391,0.487170524,0.394115135,0.312357854
1.1075,0.622332767,0.549164829,0.523228274,0.487550598,0.39460852,0.312884768
1.11,0.622746345,0.549562388,0.523586663,0.487889656,0.39515959,0.313186372
1.1125,0.623284349,0.549988637,0.523803381,0.488503167,0.395715564,0.31329983
1.115,0.623813034,0.550392605,0.52415505,0.489361151,0.396236468,0.313386008
1.1175,0.624303692,0.550731519,0.524707319,0.489995977,0.396755036,0.313590524
1.12,0.62489502,0.551057205,0.525200546,0.490236218,0.397324157,0.314026955
1.1225,0.625604047,0.551583689,0.525536968,0.490469812,0.397951053,0.314691725
1.125,0.626172221,0.552385995,0.526002215,0.490961826,0.398620201,0.315347378
1.1275,0.626446235,0.553163643,0.526774533,0.491545414,0.399301357,0.315846376
1.13,0.626673152,0.553657541,0.527587723,0.492059331,0.39992232,0.316382708
1.1325,0.627102532,0.553943492,0.528180478,0.492582642,0.400439424,0.31713317
1.135,0.627697393,0.554164809,0.5286413,0.493213057,0.400958225,0.317950146
1.1375,0.6283534,0.554441676,0.529127419,0.493883558,0.401591138,0.318632645
1.14,0.629006802,0.554870519,0.529665734,0.49448573,0.402260482,0.319162584
1.1425,0.629609286,0.555427583,0.530229911,0.494981434,0.402835263,0.319589654
1.145,0.630116152,0.556032042,0.530749842,0.49537169,0.403335847,0.319964724
1.1475,0.630495181,0.556557991,0.531145249,0.495746975,0.403854448,0.320350261
1.15,0.630859108,0.556866705,0.531508104,0.496241583,0.404385877,0.320811767
1.1525,0.631414307,0.557076497,0.532045028,0.496796411,0.404856373,0.321343309
1.155,0.632113077,0.557514383,0.532734149,0.497194255,0.405245498,0.321879614
1.1575,0.632658438,0.558208086,0.533326969,0.497423241,0.405588102,0.322397192
1.16,0.633004326,0.558831814,0.533722909,0.497715513,0.405949182,0.322923113
1.1625,0.63346136,0.559295083,0.53403739,0.498204493,0.406430667,0.323457224
1.165,0.63414773,0.559917566,0.534386985,0.498842187,0.407011815,0.323950987
1.1675,0.634767432,0.560798298,0.534860649,0.499535889,0.407434066,0.324368412
1.17,0.635142716,0.561456945,0.535450199,0.500129335,0.407563895,0.324711572
1.1725,0.635535489,0.561586661,0.535896132,0.500533431,0.407672897,0.324994081
1.175,0.63617006,0.561686422,0.536023158,0.500901112,0.408006305,0.325249822
1.1775,0.636849048,0.562246518,0.536136954,0.501387528,0.408452492,0.325516712
1.18,0.637328773,0.56298084,0.536568379,0.501936809,0.408849843,0.325832669
1.1825,0.637666629,0.56344441,0.537152306,0.502435651,0.409231872,0.326235609
1.185,0.638011331,0.563618109,0.537596163,0.502791417,0.409689016,0.326749448
1.1875,0.638414055,0.563651372,0.537954499,0.50294163,0.410230173,0.327284581
1.19,0.638870445,0.563637636,0.538430432,0.503039729,0.410819152,0.327710862
1.1925,0.639275033,0.56364012,0.538981232,0.503342093,0.411351589,0.328077778
1.195,0.63946284,0.563755806,0.539405237,0.503780839,0.411683747,0.328547152
1.1975,0.639440076,0.564100071,0.539654255,0.504041631,0.411801705,0.329098166
1.2,0.639371401,0.56455513,0.539824217,0.504119187,0.411812318,0.329541478
1.2025,0.639358392,0.56475358,0.539963162,0.504347462,0.411801506,0.329806795
1.205,0.639414112,0.564601443,0.540051623,0.504793187,0.411822476,0.329983768
1.2075,0.639533886,0.564433243,0.540131509,0.505097395,0.411919811,0.330128756
1.21,0.639691833,0.564440738,0.540360701,0.505089252,0.412126458,0.330220969
1.2125,0.639849095,0.564443849,0.540785265,0.505064068,0.412419552,0.33028822
1.215,0.639940019,0.564346773,0.541144778,0.505263982,0.412640846,0.330498321
1.2175,0.639932928,0.564440272,0.541224991,0.505601541,0.412708096,0.330933551
1.22,0.639930697,0.564947204,0.541139879,0.50593463,0.412880657,0.331298394
1.2225,0.640034241,0.565500922,0.541062675,0.506146152,0.413389981,0.331321928
1.225,0.640182944,0.565669001,0.541099036,0.50616274,0.413940579,0.331284052
1.2275,0.640286251,0.565575297,0.541311255,0.506138917,0.414133784,0.331567798
1.23,0.640412917,0.565524325,0.541598693,0.506289143,0.414049563,0.332020752
1.2325,0.640682005,0.565544149,0.541800885,0.506586638,0.413967093,0.332282378
1.235,0.64097074,0.565525551,0.541910473,0.506883317,0.413978995,0.332366456
1.2375,0.641024506,0.565505666,0.542013691,0.507136182,0.414060239,0.332513069
1.24,0.640957045,0.565625388,0.542144629,0.507380236,0.414190979,0.332786478
1.2425,0.641191553,0.565897498,0.542290553,0.507637854,0.414356393,0.333098282
1.245,0.641766408,0.566202999,0.542428153,0.507916069,0.414507263,0.333455049
1.2475,0.642252444,0.566469521,0.542524297,0.508192577,0.414554919,0.333980786
1.25,0.642481497,0.566698533,0.542611868,0.508405321,0.414536722,0.334666513
1.2525,0.64275979,0.566926147,0.542833026,0.5085352,0.414678902,0.335273178
1.255,0.643273006,0.56724497,0.543235176,0.50865235,0.415009824,0.335622885
1.2575,0.643827758,0.567675927,0.54362429,0.508840065,0.415436133,0.335727795
1.26,0.644250128,0.568025997,0.543866393,0.509189591,0.415863141,0.335675573
1.2625,0.644603479,0.568155,0.54413447,0.509730793,0.416196159,0.335713732
1.265,0.644980133,0.568272167,0.544579332,0.510247542,0.416395449,0.336042363
1.2675,0.645380732,0.568609116,0.544952456,0.510511667,0.416679983,0.336484712
1.27,0.64578081,0.569039193,0.544971535,0.51056829,0.417279593,0.336796156
1.2725,0.646168529,0.569342791,0.544926771,0.510565522,0.417977747,0.337025949
1.275,0.646530678,0.569575492,0.545286513,0.51070881,0.41841019,0.337333299
1.2775,0.646785846,0.569913533,0.545888662,0.511204994,0.418613785,0.337743285
1.28,0.646827039,0.570329367,0.546231491,0.511916384,0.418851936,0.338200936
1.2825,0.646779851,0.570661573,0.546300931,0.512477911,0.419245735,0.338631277
1.285,0.646948931,0.570901286,0.546472503,0.512739311,0.419794139,0.338943942
1.2875,0.647369999,0.571185059,0.546873813,0.512761144,0.420367929,0.339052215
1.29,0.647775978,0.571571669,0.547344594,0.512704085,0.420702188,0.339030331
1.2925,0.648037175,0.57201061,0.547760321,0.512846517,0.420713194,0.339129274
1.295,0.648258899,0.572434016,0.548074539,0.513262697,0.420606055,0.339372579
1.2975,0.648517345,0.572756138,0.548255303,0.513643737,0.420558659,0.339677532
1.3,0.648783873,0.572971308,0.548287572,0.513789679,0.420638305,0.339960959
1.3025,0.64903488,0.573281835,0.548219116,0.513879202,0.420866155,0.340139688
1.305,0.64930284,0.573819103,0.548281228,0.514091998,0.421166808,0.340199831
1.3075,0.649604303,0.574339679,0.548645012,0.514397091,0.421456803,0.340378613
1.31,0.649840576,0.57458271,0.549069341,0.51471343,0.421696754,0.340879599
1.3125,0.649908117,0.574640029,0.549265415,0.514947629,0.421865028,0.341433098
1.315,0.649870274,0.57470337,0.549350324,0.515020084,0.421976322,0.34167921
1.3175,0.649844739,0.574850146,0.549566675,0.514987266,0.422063164,0.341746595
1.32,0.649851042,0.575097326,0.54985615,0.514960914,0.422192778,0.341956917
1.3225,0.649856729,0.575373064,0.550008034,0.51496576,0.422440653,0.342256193
1.325,0.649853233,0.575551312,0.549985751,0.514971499,0.422727187,0.342364944
1.3275,0.649850135,0.575556489,0.549883724,0.514968352,0.422862826,0.342316073
1.33,0.649849421,0.575362059,0.549753063,0.51496535,0.422838366,0.342415167
1.3325,0.649844897,0.575060132,0.549597036,0.514964793,0.422831846,0.342711338
1.335,0.649839152,0.574883209,0.549445002,0.514960104,0.422873186,0.342931411
1.3375,0.649847723,0.574900535,0.549366425,0.514953369,0.422768959,0.34294144
1.34,0.64986335,0.574892502,0.549374655,0.514962082,0.422469773,0.342874743
1.3425,0.649831518,0.57473963,0.54936541,0.51498139,0.422246526,0.342849171
1.345,0.649717662,0.574623524,0.549259992,0.514950339,0.422259909,0.342885728
1.3475,0.649558796,0.574699084,0.549090334,0.514829936,0.422255695,0.342987498
1.35,0.649402251,0.574886618,0.548913696,0.514681822,0.422011254,0.343144175
1.3525,0.649286827,0.575043058,0.548811818,0.514565332,0.421720981,0.343326737
1.355,0.649242624,0.574956356,0.548837079,0.51442704,0.421631038,0.343429343
1.3575,0.649261652,0.574463342,0.548835524,0.514195826,0.421679604,0.343350998
1.36,0.64931486,0.573890407,0.548604441,0.51391504,0.421709444,0.343187426
1.3625,0.649310338,0.573714896,0.548159989,0.513665894,0.421696256,0.343095054
1.365,0.649129297,0.573793578,0.547619463,0.513411529,0.421674002,0.34298142
1.3675,0.648719009,0.573637177,0.54696818,0.513047385,0.421554368,0.342620787
1.37,0.648076833,0.573193909,0.546099431,0.512521415,0.421169496,0.342055199
1.3725,0.64727357,0.572769407,0.544940886,0.511825324,0.420503789,0.341540981
1.375,0.646445001,0.572418818,0.543459312,0.51093721,0.419687725,0.341075391
1.3775,0.645509229,0.571901397,0.541781125,0.509820426,0.418715446,0.340357121
1.38,0.644093118,0.571059266,0.540243859,0.508576993,0.417392722,0.339302874
1.3825,0.642119543,0.569889863,0.539129034,0.507525139,0.415694385,0.338196173
1.385,0.640095388,0.568412616,0.538076775,0.506475066,0.413931963,0.337190764
1.3875,0.638108762,0.566665387,0.536385741,0.504084968,0.412332473,0.336086394
1.39,0.634995563,0.564754587,0.533683843,0.500227832,0.410808742,0.33472025
1.3925,0.63051972,0.562991622,0.530602291,0.498147284,0.409221581,0.333190717
1.395,0.627677478,0.561615714,0.527345649,0.496389479,0.407425648,0.331624495
1.3975,0.626152112,0.560367534,0.524208361,0.492897779,0.405248142,0.330049478
1.4,0.624606325,0.558890611,0.522123823,0.49021491,0.402376683,0.328387469
1.4025,0.622827644,0.557098721,0.520635996,0.488293216,0.398894157,0.326058877
1.405,0.621017439,0.555031263,0.518798886,0.485809408,0.39658984,0.323090444
1.4075,0.619053438,0.552901927,0.516469553,0.483362562,0.394950661,0.32095499
1.41,0.616671979,0.551014894,0.513960414,0.481303491,0.392297523,0.319869382
1.4125,0.614208432,0.549575175,0.511681735,0.479677424,0.390314395,0.319133614
1.415,0.612445061,0.54870912,0.510110349,0.478688789,0.39015161,0.318557413
1.4175,0.611728511,0.548509463,0.509590221,0.478677702,0.390974736,0.318422951
1.42,0.611929596,0.549030983,0.510313974,0.479509501,0.392158804,0.318872867
1.4225,0.612875801,0.550100621,0.512041924,0.48045676,0.393430971,0.319853904
1.425,0.614364762,0.551215965,0.513914958,0.481176475,0.3946288,0.321247528
1.4275,0.616177908,0.552053803,0.515396827,0.482051066,0.395742052,0.322844014
1.43,0.618068525,0.552708502,0.51670779,0.483320643,0.396789808,0.324454588
1.4325,0.619800304,0.553320363,0.518091272,0.484709468,0.397825586,0.325962717
1.435,0.621176592,0.554016071,0.519593644,0.48594936,0.398917837,0.327259394
1.4375,0.622116993,0.554870122,0.521194765,0.487059657,0.400168853,0.32822955
1.44,0.622991038,0.555753958,0.522745228,0.488114262,0.401630419,0.32888788
1.4425,0.624192176,0.556565128,0.524084691,0.48915188,0.403068394,0.329395829
1.445,0.625565679,0.557304034,0.525186093,0.490181021,0.404200418,0.329904291
1.4475,0.626784348,0.557977983,0.526075282,0.491070793,0.40503327,0.330432793
1.45,0.62778286,0.558599971,0.526811064,0.491660578,0.405700637,0.33094779
1.4525,0.62863202,0.559244699,0.527469331,0.492130899,0.406336758,0.331465228
1.455,0.629402043,0.560014298,0.528126123,0.492855052,0.407067428,0.332025674
1.4575,0.630156731,0.560831385,0.528850349,0.493923752,0.407872139,0.332568607
1.46,0.63084324,0.561474001,0.529549453,0.495183623,0.408610347,0.332952675
1.4625,0.631297242,0.56195268,0.529977385,0.496397066,0.409251699,0.333188651
1.465,0.631530384,0.562550618,0.530169581,0.497282845,0.409897227,0.333466424
1.4675,0.631800112,0.563357518,0.530552396,0.497840325,0.410573579,0.333928866
1.47,0.63227369,0.564128454,0.531321648,0.498179626,0.411176561,0.334626691
1.4725,0.632914367,0.564695125,0.532184107,0.498411112,0.411674175,0.335485079
1.475,0.633667848,0.565128213,0.532934861,0.498645148,0.412222389,0.336166811
1.4775,0.63449351,0.565517174,0.533748677,0.498992097,0.412910636,0.336460355
1.48,0.635366446,0.565908014,0.53477712,0.499562323,0.413535854,0.336666718
1.4825,0.636313043,0.566321296,0.535845558,0.500415481,0.413949689,0.337102122
1.485,0.637353442,0.566700628,0.536740717,0.501379384,0.41451886,0.337688056
1.4875,0.638406352,0.566985039,0.537463729,0.502244487,0.415635267,0.338253074
1.49,0.639370635,0.567229082,0.538104935,0.502992819,0.416881365,0.338757243
1.4925,0.640264788,0.567529458,0.538882585,0.503680661,0.417588648,0.33921784
1.495,0.641152829,0.567934328,0.539928965,0.504326914,0.417867898,0.339688177
1.4975,0.641947658,0.568457131,0.541028998,0.504933396,0.41824665,0.340242056
1.5,0.642473415,0.56900329,0.54192769,0.505570022,0.418810348,0.340947608
1.5025,0.642815352,0.56939949,0.542570505,0.506352954,0.419299445,0.341754118
1.505,0.643295144,0.569638454,0.543088511,0.507193328,0.419663638,0.342503901
1.5075,0.643980366,0.569894076,0.543602003,0.50778374,0.420087563,0.343148839
1.51,0.644605129,0.570265748,0.544128274,0.508108442,0.420627535,0.343784801
1.5125,0.645021022,0.5707278,0.544649986,0.508602546,0.421130834,0.344452399
1.515,0.64532451,0.571244326,0.545170235,0.509439264,0.4215186,0.345078594
1.5175,0.645599546,0.57177942,0.545697035,0.510170275,0.421901179,0.345616038
1.52,0.64583776,0.572299739,0.546166759,0.510478582,0.42233992,0.346109302
1.5225,0.646047895,0.572814716,0.546465297,0.510661399,0.422682644,0.346577638
1.525,0.646348179,0.573366851,0.54655151,0.511025753,0.4228128,0.346902142
1.5275,0.646836594,0.573933381,0.546696987,0.51144551,0.422929318,0.347000384
1.53,0.647386177,0.574416239,0.547172512,0.511727279,0.423259016,0.347129258
1.5325,0.647826475,0.574734576,0.547739059,0.511965744,0.423689882,0.34758492
1.535,0.648192238,0.574965294,0.548015936,0.512335629,0.424008445,0.348158893
1.5375,0.648596697,0.575248456,0.548083515,0.512751059,0.424241548,0.348455968
1.54,0.649000359,0.575638431,0.548247504,0.513010053,0.424529646,0.3485265
1.5425,0.649273715,0.576135669,0.548536376,0.51322522,0.424814486,0.348685332
1.545,0.649392897,0.576734511,0.548780949,0.5137251,0.42490146,0.348974866
1.5475,0.649428355,0.577304872,0.549001897,0.514448329,0.424849648,0.349202919
1.55,0.649509001,0.577595545,0.549411901,0.514941656,0.424973237,0.349318117
1.5525,0.649826813,0.577576569,0.549993275,0.515131734,0.425350161,0.349445074
1.555,0.650384597,0.577533149,0.550397007,0.51549681,0.42573996,0.349674408
1.5575,0.650869471,0.577642669,0.550496114,0.516213161,0.426089094,0.350023933
1.56,0.651117562,0.57782864,0.550640629,0.516793898,0.426444217,0.350451592
1.5625,0.651373494,0.577995949,0.551091285,0.516932618,0.426852565,0.350793645
1.565,0.651843742,0.578077826,0.551716867,0.517021346,0.427344841,0.350979947
1.5675,0.652425174,0.578083221,0.552330085,0.517439196,0.427897905,0.351300314
1.57,0.652977235,0.578298043,0.552782899,0.518054815,0.428467703,0.351985022
1.5725,0.653478813,0.578958779,0.55298904,0.518640919,0.428963395,0.352642463
1.575,0.653936488,0.579642145,0.553154899,0.519131654,0.429299959,0.352803121
1.5775,0.654307261,0.579797955,0.553456966,0.519527228,0.429525289,0.352707051
1.58,0.654535037,0.579738417,0.553843456,0.519906907,0.429738981,0.352838511
1.5825,0.654640919,0.579954418,0.554240093,0.520370882,0.430002709,0.353155372
1.585,0.654687976,0.580342686,0.554588276,0.520789549,0.430351786,0.353325162
1.5875,0.654689195,0.580711998,0.554874309,0.520894365,0.430755248,0.353294429
1.59,0.654620811,0.580878052,0.555092485,0.52081368,0.431129541,0.353235472
1.5925,0.654572663,0.580849779,0.555237097,0.521042633,0.431408141,0.353257357
1.595,0.654758194,0.580848156,0.555302439,0.521636662,0.431545979,0.353391808
1.5975,0.65518561,0.580976061,0.555283452,0.522063413,0.431549828,0.353666525
1.6,0.655540434,0.581139124,0.555235558,0.522071194,0.431503951,0.35410921
1.6025,0.655662525,0.581269678,0.555322759,0.521984482,0.431481251,0.354747299
1.605,0.655778206,0.581392317,0.555604828,0.522066095,0.431516529,0.355502267
1.6075,0.656051134,0.581527986,0.555849458,0.52227074,0.431625242,0.356027898
1.61,0.656306947,0.581651008,0.555874011,0.522520144,0.431779286,0.356090515
1.6125,0.656367832,0.581747827,0.555838968,0.522789882,0.431938861,0.35601275
1.615,0.656315641,0.581895245,0.555955045,0.523065174,0.432048937,0.356162584
1.6175,0.656284561,0.582163871,0.556291773,0.523318217,0.432066603,0.356491233
1.62,0.656296191,0.582432018,0.556843501,0.523516829,0.432050883,0.356824929
1.6225,0.656337156,0.582526742,0.557380859,0.523627607,0.432093063,0.357067175
1.625,0.656473996,0.58249045,0.557601315,0.52362667,0.432217661,0.357163974
1.6275,0.656803394,0.582473009,0.557543513,0.523606278,0.432412844,0.357141549
1.63,0.657229056,0.582484843,0.557458875,0.523725381,0.432666417,0.357077884
1.6325,0.657517117,0.582436819,0.557487618,0.524000581,0.432966186,0.35706083
1.635,0.657627688,0.582392346,0.557654134,0.52432239,0.433298308,0.357183501
1.6375,0.657723171,0.582571109,0.557913508,0.524601251,0.433593741,0.357448596
1.64,0.657867266,0.582990335,0.558202067,0.52477818,0.433718381,0.357749308
1.6425,0.657969937,0.583369178,0.558456137,0.524877271,0.433679879,0.358016177
1.645,0.657979886,0.583534549,0.558612168,0.525058446,0.433729751,0.358253359
1.6475,0.657945795,0.583571821,0.558639645,0.525369763,0.433996391,0.358440318
1.65,0.657922099,0.583573397,0.558585516,0.525566532,0.434264839,0.358482146
1.6525,0.657946513,0.583566535,0.558523046,0.525473903,0.43434011,0.358341292
1.655,0.658043832,0.583563662,0.558576309,0.525289889,0.434257863,0.358207101
1.6575,0.658198721,0.583562977,0.558827172,0.525235755,0.434128609,0.35826374
1.66,0.65837652,0.58356034,0.55910379,0.525271244,0.434191681,0.358443345
1.6625,0.658488847,0.583558674,0.5591953,0.5252907,0.434654444,0.35861446
1.665,0.658443559,0.583561853,0.559150354,0.525279869,0.435230311,0.358729717
1.6675,0.658280663,0.583560274,0.559117047,0.525263198,0.4354677,0.358779105
1.67,0.658103601,0.583540787,0.559124675,0.525261826,0.435395667,0.358767894
1.6725,0.657971391,0.58353309,0.559133062,0.52529104,0.435317937,0.358716316
1.675,0.657909974,0.583594503,0.55912953,0.525303176,0.435329363,0.35874305
1.6775,0.657911984,0.583728675,0.559124631,0.525203485,0.435351057,0.358989168
1.68,0.657938491,0.583886963,0.559123089,0.525035728,0.435347638,0.359350759
1.6825,0.657949259,0.584026818,0.559122251,0.524999794,0.435338784,0.359659888
1.685,0.657904822,0.584116739,0.559120501,0.525145331,0.435336712,0.359819198
1.6875,0.657844915,0.584136106,0.559118467,0.525274468,0.435337338,0.359841831
1.69,0.657954764,0.584082942,0.559116668,0.525273229,0.435336875,0.359797369
1.6925,0.658281032,0.583964967,0.559114977,0.525257266,0.435335274,0.359857368
1.695,0.658471358,0.583809801,0.559113231,0.52530085,0.435332978,0.360116119
1.6975,0.658259668,0.583651903,0.559111437,0.525257219,0.43533043,0.360387925
1.7,0.657934546,0.583539301,0.559109635,0.52500481,0.435328073,0.360480499
1.7025,0.657836117,0.583509317,0.559107888,0.524722744,0.435326222,0.360411433
1.705,0.657895335,0.583525408,0.559106225,0.524630938,0.435324527,0.360277468
1.7075,0.657927979,0.583532885,0.559104435,0.524674906,0.435322535,0.360310059
1.71,0.657912075,0.583526997,0.559102304,0.524704354,0.435320756,0.360743687
1.7125,0.657898695,0.583524889,0.559100497,0.524692464,0.43531995,0.361330971
1.715,0.65789987,0.583524803,0.55909997,0.524679423,0.435318447,0.361589332
1.7175,0.657902201,0.5835139,0.559098728,0.524679123,0.435313391,0.361524508
1.72,0.657900176,0.583505981,0.559092866,0.524684549,0.435309686,0.361506534
1.7225,0.657895837,0.583536898,0.559087976,0.524685597,0.435318572,0.361565226
1.725,0.657892729,0.583566617,0.559099171,0.524668685,0.435326964,0.361366783
1.7275,0.657895804,0.583461262,0.559112506,0.524580658,0.435292214,0.360897104
1.73,0.657900398,0.583190967,0.559071236,0.524311802,0.435244098,0.360631481
1.7325,0.657885288,0.582914137,0.558949223,0.523874346,0.4353394,0.360777916
1.735,0.657856797,0.582748755,0.55878915,0.52353642,0.435626455,0.360925012
1.7375,0.657891274,0.582671328,0.55863737,0.523480525,0.435863281,0.360785722
1.74,0.657995692,0.582646173,0.558526965,0.523555999,0.43587323,0.360642352
1.7425,0.657904598,0.582667014,0.558455413,0.52358989,0.435848954,0.360759178
1.745,0.65740643,0.58271638,0.558283792,0.52356045,0.435988093,0.360911776
1.7475,0.656841859,0.582690672,0.557891957,0.523479258,0.436124203,0.360823667
1.75,0.65664775,0.582501818,0.557478718,0.523325565,0.436031619,0.360653074
1.7525,0.656732427,0.582363414,0.557322721,0.523076945,0.435863282,0.360679982
1.755,0.656795399,0.582581509,0.557375634,0.522800317,0.435904082,0.360852264
1.7575,0.656774954,0.583037345,0.557430294,0.522601209,0.43607756,0.360957521
1.76,0.65675244,0.583368104,0.557419833,0.522482406,0.436100889,0.360940526
1.7625,0.656754147,0.583476457,0.55737986,0.522378012,0.435940697,0.360859722
1.765,0.656758654,0.58349007,0.557364358,0.522341467,0.435774916,0.360770947
1.7675,0.656756366,0.583487621,0.557439613,0.52254131,0.43574068,0.360725008
1.77,0.656753069,0.583482779,0.557515181,0.522962189,0.435917908,0.3607725
1.7725,0.656751725,0.583480933,0.557289221,0.523333201,0.436235608,0.360963733
1.775,0.656749418,0.583480044,0.556712272,0.5234949,0.436387582,0.361318496
1.7775,0.656745699,0.583478378,0.556238527,0.523532223,0.436241849,0.361798981
1.78,0.656746786,0.583476368,0.556172951,0.52353381,0.436101776,0.362300145
1.7825,0.656753082,0.583474549,0.556277455,0.523526483,0.436201899,0.362555687
1.785,0.656743748,0.583472845,0.556300131,0.52352322,0.436372874,0.362415285
1.7875,0.656710991,0.583471098,0.556273763,0.52352289,0.43641824,0.362268493
1.79,0.6567255,0.583469315,0.5562777,0.523521699,0.436380728,0.362524862
1.7925,0.656837542,0.58346754,0.556276909,0.523519578,0.436358421,0.363003167
1.795,0.656815022,0.583465776,0.556204808,0.523517609,0.436365713,0.363334602
1.7975,0.656347361,0.583464007,0.556054077,0.523515922,0.43638229,0.363258644
1.8,0.655478993,0.583462238,0.555844403,0.523514213,0.436380304,0.362623118
1.8025,0.654461577,0.583460483,0.555576943,0.523512425,0.436336508,0.361962984
1.805,0.653628573,0.583458722,0.555245582,0.523510669,0.436364025,0.362007342
1.8075,0.653361352,0.583456909,0.554949107,0.523508925,0.436618369,0.362608753
1.81,0.653655272,0.583455106,0.554877989,0.523507057,0.436998784,0.363438188
1.8125,0.654089593,0.583453482,0.555031822,0.523505184,0.437339827,0.364253567
1.815,0.654386613,0.583451885,0.555165262,0.523503745,0.437478096,0.364923595
1.8175,0.654513019,0.583449686,0.555159038,0.523502453,0.437425231,0.365371977
1.82,0.654504785,0.583447174,0.555142479,0.52349972,0.437499096,0.365606422
1.8225,0.654500163,0.583446626,0.555182225,0.523495957,0.437830344,0.365654596
1.825,0.654562108,0.583447888,0.555129042,0.523496814,0.438013386,0.365572325
1.8275,0.65449589,0.583442957,0.554911121,0.523502952,0.437758391,0.365425782
1.83,0.654144495,0.583429472,0.554842152,0.52349477,0.437464751,0.365302513
1.8325,0.653706892,0.583434816,0.555197675,0.523463108,0.437546129,0.365277739
1.835,0.653419809,0.583476434,0.555634001,0.523473981,0.437725812,0.365340773
1.8375,0.653180189,0.5834637,0.555674541,0.52358077,0.437584436,0.365453859
1.84,0.652780079,0.583283741,0.555301402,0.523569039,0.43725476,0.365579231
1.8425,0.65221802,0.582989506,0.554699101,0.523141721,0.437079358,0.365679123
1.845,0.651596513,0.582712803,0.554021865,0.522414591,0.436988363,0.365715768
1.8475,0.650942543,0.582461236,0.553394682,0.521746841,0.436670494,0.365651401
1.85,0.65022782,0.582153019,0.552768826,0.521240466,0.436109523,0.365448255
1.8525,0.649443434,0.581759257,0.55195116,0.520771578,0.435541265,0.365068565
1.855,0.648599505,0.58130606,0.550900124,0.520175882,0.43503774,0.364476006
1.8575,0.64762422,0.580798451,0.549759056,0.519252348,0.43446691,0.36369971
1.86,0.646331887,0.580207674,0.548665768,0.517962494,0.433665302,0.362859702
1.8625,0.644668129,0.579375194,0.547730328,0.516535472,0.432437865,0.362080973
1.865,0.642847219,0.577897444,0.546769591,0.514871659,0.430708417,0.361079728
1.8675,0.640696847,0.575546305,0.544937355,0.512075208,0.428678648,0.358640111
1.87,0.636920194,0.572659145,0.541921663,0.508426248,0.426490839,0.354688497
1.8725,0.631910271,0.569930168,0.539282911,0.506058609,0.423969684,0.352158414
1.875,0.629095791,0.567989184,0.537940971,0.503028244,0.420887837,0.350483344
1.8775,0.626349561,0.566063412,0.537049691,0.498034048,0.417074871,0.348203446
1.88,0.621138032,0.562672882,0.5285965,0.492618139,0.412470794,0.344754279
1.8825,0.619314733,0.555423062,0.522190406,0.487246019,0.407869058,0.339866591
1.885,0.614211487,0.554996963,0.518879883,0.482344254,0.404568281,0.333278604
1.8875,0.60464704,0.553696701,0.510440298,0.478586284,0.39305583,0.327636347
1.89,0.587907135,0.534782749,0.499365205,0.466460687,0.385551611,0.323209634
1.8925,0.597922567,0.536126954,0.490754563,0.445475806,0.377611138,0.313698624
1.895,0.584086104,0.522872388,0.48131069,0.428735369,0.373808143,0.306900623
1.8975,0.560827272,0.525092702,0.4746775,0.429732155,0.359658806,0.300165221
1.9,0.557551474,0.524035509,0.466245502,0.421585889,0.363479131,0.290774964
1.9025,0.548975,0.51334924,0.451149896,0.428203246,0.347416104,0.284589577
1.905,0.540927478,0.495410266,0.441049256,0.412847058,0.352426742,0.281284235
1.9075,0.534628813,0.494826779,0.438955455,0.412325211,0.339125979,0.277289255
1.91,0.531752834,0.490291541,0.433350151,0.405416741,0.33167667,0.273990495
1.9125,0.531204797,0.488317724,0.4321355,0.402094025,0.334824988,0.273086385
1.915,0.531484433,0.488718613,0.434016525,0.401333399,0.336167972,0.27362962
1.9175,0.532545573,0.489713289,0.435441641,0.401791471,0.336065027,0.27446127
1.92,0.534573501,0.491011917,0.436189065,0.402957888,0.337178163,0.275640314
1.9225,0.537261425,0.49269012,0.436944536,0.404552916,0.339255473,0.277448557
1.925,0.540154515,0.49459662,0.438453737,0.406386728,0.34123981,0.279509806
1.9275,0.542879918,0.496506456,0.441032052,0.408386535,0.343100174,0.281249547
1.93,0.545145728,0.498321878,0.444139767,0.410495594,0.345258893,0.28260423
1.9325,0.547157206,0.500008687,0.447153306,0.412227617,0.347746231,0.283783448
1.935,0.549406945,0.501455165,0.449788032,0.412931319,0.350195457,0.28494408
1.9375,0.551841607,0.502504754,0.452163344,0.413969286,0.352398497,0.286196291
1.94,0.553936294,0.50333568,0.454444642,0.41745638,0.35439399,0.28752444
1.9425,0.555593366,0.504465045,0.456821651,0.42096164,0.356234077,0.288787955
1.945,0.557248252,0.506047687,0.459250586,0.422785678,0.35796521,0.290021946
1.9475,0.559102895,0.507702493,0.461477452,0.424135254,0.359649056,0.291517534
1.95,0.56091635,0.509116254,0.463424318,0.425844553,0.361373128,0.293362713
1.9525,0.562568607,0.510212011,0.465374668,0.427577345,0.363187128,0.295206746
1.955,0.564320342,0.51120559,0.467502944,0.429079839,0.365046723,0.296800841
1.9575,0.566333219,0.512475286,0.469563068,0.43070775,0.366899006,0.298322114
1.96,0.568259768,0.514074957,0.471331758,0.432776178,0.368707103,0.299937152
1.9625,0.569772283,0.515760523,0.472965273,0.435019961,0.370444553,0.301478177
1.965,0.571142784,0.517414202,0.474667627,0.437099184,0.372118807,0.302768547
1.9675,0.572753219,0.519092243,0.476373581,0.438909672,0.373742475,0.304060036
1.97,0.574503584,0.520842397,0.477949474,0.44042181,0.375293546,0.30569199
1.9725,0.576120215,0.522545627,0.47949684,0.441816399,0.376734834,0.307448999
1.975,0.577655006,0.524015735,0.481217743,0.443361984,0.378024396,0.308872939
1.9775,0.57933525,0.525285645,0.483080372,0.445090087,0.379125757,0.309984009
1.98,0.58108221,0.526537008,0.484894385,0.446871016,0.38013917,0.31112844
1.9825,0.582572745,0.527846009,0.486589698,0.448683748,0.381271974,0.312440899
1.985,0.583738737,0.529185715,0.488214592,0.450614122,0.382583114,0.313846237
1.9875,0.584807037,0.530585542,0.489793648,0.452708144,0.383961589,0.31528457
1.99,0.586011911,0.532153917,0.491314906,0.45495322,0.385367467,0.316727669
1.9925,0.587583665,0.533883462,0.49288679,0.457250507,0.386885137,0.31816293
1.995,0.589606697,0.535544491,0.494842628,0.459253309,0.388506489,0.3196024
1.9975,0.591848991,0.536954073,0.497269748,0.4608667,0.389999482,0.321048887
2,0.594055304,0.538111066,0.499559593,0.462762441,0.391250388,0.322474588
2.0025,0.596026364,0.539063999,0.501200163,0.465266039,0.392599339,0.323873712
2.005,0.59762549,0.539937974,0.502442081,0.467670708,0.3943225,0.325339423
2.0075,0.598945292,0.54084867,0.503666198,0.469325927,0.396029076,0.326919886
2.01,0.600134863,0.541768056,0.505012787,0.470611809,0.39724997,0.328303207
2.0125,0.60129938,0.542639467,0.506525956,0.472148108,0.398194937,0.329138209
2.015,0.602511159,0.543553286,0.508120825,0.473766831,0.399304017,0.329694621
2.0175,0.603694533,0.54464223,0.509650659,0.47497583,0.400659929,0.330485337
2.02,0.604704807,0.545725714,0.510951306,0.475812182,0.402138463,0.331461124
2.0225,0.605588438,0.546442514,0.511860653,0.476645488,0.403484515,0.332227476
2.025,0.606533463,0.546887949,0.512468479,0.477580255,0.404359969,0.332815837
2.0275,0.607589131,0.547558625,0.513086308,0.478479426,0.404822253,0.333637747
2.03,0.60865576,0.548534704,0.513862435,0.479272178,0.405341555,0.334819414
2.0325,0.60969187,0.549367275,0.514733712,0.479980314,0.40606606,0.336117459
2.035,0.610750001,0.5498718,0.515643983,0.480634987,0.406693573,0.337274696
2.0375,0.611776769,0.550370869,0.516571402,0.481273505,0.407260308,0.338050144
2.04,0.612490428,0.551054723,0.517496034,0.481928703,0.407987797,0.338410003
2.0425,0.612763093,0.551678617,0.518394486,0.482621265,0.408953836,0.338811991
2.045,0.612983006,0.552026147,0.519235766,0.483370103,0.409823422,0.339588158
2.0475,0.613488062,0.552193992,0.519964739,0.484173502,0.41030889,0.340397924
2.05,0.614037871,0.552327325,0.520541505,0.484945511,0.41061394,0.34087139
2.0525,0.614328554,0.552482619,0.521026098,0.485587828,0.411027367,0.341196463
2.055,0.614553247,0.552689195,0.521505224,0.486056245,0.411599609,0.341677468
2.0575,0.615043646,0.552971979,0.522037554,0.486342448,0.412283748,0.3422303
2.06,0.61575457,0.553317684,0.522661478,0.486578502,0.412944216,0.342622881
2.0625,0.61645685,0.553693325,0.523328555,0.486956305,0.413417219,0.342849157
2.065,0.617059703,0.554062849,0.523941622,0.487500352,0.413772192,0.343038931
2.0675,0.617572484,0.554340526,0.524472014,0.488113623,0.414234938,0.343289517
2.07,0.618006713,0.554405897,0.524949188,0.488666394,0.414795252,0.343667512
2.0725,0.618373346,0.554347502,0.525398583,0.489002894,0.415212013,0.344184143
2.075,0.618659122,0.554492379,0.525815549,0.489119059,0.415443074,0.344787009
2.0775,0.618818343,0.554918146,0.526185636,0.489217133,0.415727998,0.345369014
2.08,0.618838878,0.555285115,0.526483125,0.489439589,0.416213159,0.34574206
2.0825,0.618775971,0.555407395,0.526661216,0.489789142,0.416832405,0.345806396
2.085,0.61871291,0.555523093,0.526697458,0.490215119,0.417456369,0.34567449
2.0875,0.618787421,0.555806762,0.526639756,0.490566577,0.417850641,0.345526826
2.09,0.619067218,0.556053154,0.52656531,0.490764539,0.417878371,0.345668229
2.0925,0.619322249,0.556067684,0.526618622,0.491063392,0.417835628,0.346319189
2.095,0.619331459,0.556042085,0.526919305,0.491699685,0.418037042,0.347207353
2.0975,0.619305621,0.556225882,0.52736485,0.492384269,0.418341856,0.347953588
2.1,0.619554053,0.556529292,0.527793487,0.492710838,0.418498165,0.348394183
2.1025,0.620004117,0.556744467,0.528171441,0.492760574,0.418599106,0.348479602
2.105,0.620418887,0.556849494,0.528519954,0.492828961,0.418880889,0.348426431
2.1075,0.620789918,0.556927221,0.528783171,0.49297606,0.419308266,0.348576734
2.11,0.62125424,0.557049615,0.528862103,0.493108644,0.419672241,0.348888053
2.1125,0.621798765,0.557278346,0.528826579,0.493224309,0.419919722,0.34902755
2.115,0.622271347,0.557652982,0.52889833,0.493404908,0.420142767,0.348976919
2.1175,0.62256666,0.558186094,0.529156391,0.493668318,0.420397341,0.349060441
2.12,0.622646447,0.558703999,0.529492358,0.493947997,0.420686564,0.349359797
2.1225,0.62259112,0.558760712,0.529793392,0.494206285,0.420976301,0.349572601
2.125,0.622680358,0.558224006,0.529960089,0.494465242,0.421173342,0.349554927
2.1275,0.623012447,0.557654511,0.529963326,0.494689201,0.421217177,0.349553932
2.13,0.623192635,0.557508646,0.529942704,0.494686501,0.421141875,0.34972559
2.1325,0.622908918,0.557689422,0.529991216,0.494341885,0.420968645,0.349819129
2.135,0.622396341,0.557942677,0.529950826,0.493888447,0.420624274,0.349582492
2.1375,0.621929645,0.557776182,0.529635258,0.493552067,0.42002689,0.349066979
2.14,0.621383377,0.556766803,0.528991426,0.493140342,0.419155878,0.348386718
2.1425,0.620539045,0.555287648,0.528016191,0.492382289,0.418085493,0.347555465
2.145,0.619416715,0.553961748,0.526766302,0.491393267,0.417008103,0.346560449
2.1475,0.618140937,0.55297873,0.525331302,0.490438692,0.416107076,0.345488161
2.15,0.616816704,0.552287853,0.523868591,0.489540612,0.415353523,0.344464619
2.1525,0.615534642,0.551676194,0.522566433,0.488575009,0.414593582,0.34343824
2.155,0.614351449,0.550830903,0.521414509,0.487517339,0.413795555,0.342236229
2.1575,0.613294158,0.549834397,0.52023696,0.486430054,0.413031055,0.340890977
2.16,0.612365998,0.549160835,0.519021348,0.485368996,0.412274911,0.339641685
2.1625,0.611543765,0.548923958,0.517952928,0.484378303,0.411385488,0.338624391
2.165,0.610838379,0.548716543,0.51712768,0.483461465,0.410330343,0.337819713
2.1675,0.610318371,0.548312817,0.516477801,0.482557042,0.409265461,0.337196716
2.17,0.609961181,0.54790852,0.515932135,0.481630872,0.408309953,0.336688644
2.1725,0.609525267,0.547645552,0.515446051,0.480724313,0.407459848,0.336147372
2.175,0.608859278,0.5473914,0.51496608,0.479849903,0.406715844,0.335411304
2.1775,0.608200578,0.54701928,0.514398391,0.47889351,0.406148579,0.334311639
2.18,0.607752811,0.546602133,0.513644988,0.477782986,0.405785209,0.332778712
2.1825,0.607199285,0.546231491,0.512626283,0.476759747,0.405385443,0.331205482
2.185,0.606148355,0.545832822,0.511296354,0.476078013,0.404674854,0.329884124
2.1875,0.604721758,0.545288358,0.509800457,0.475464156,0.403672502,0.328764509
2.19,0.603233911,0.54459867,0.508352519,0.47447978,0.402506376,0.327769709
2.1925,0.601801518,0.543807252,0.507061724,0.473225943,0.401179092,0.326822797
2.195,0.600409308,0.542767928,0.505931902,0.472086607,0.399621766,0.325846845
2.1975,0.598769678,0.541228524,0.504258634,0.470972967,0.397786059,0.324768288
2.2,0.596408851,0.539420426,0.500869385,0.469430553,0.395650301,0.32358283
2.2025,0.593692862,0.538020891,0.497269291,0.46743258,0.393454677,0.32235525
2.205,0.591905137,0.537323805,0.496054357,0.465500386,0.391723082,0.32130786
2.2075,0.591614384,0.537105457,0.496062185,0.46456092,0.390772378,0.320860746
2.21,0.592234723,0.537109147,0.496310913,0.465106786,0.390584147,0.321238648
2.2125,0.593336208,0.537288752,0.497012015,0.466602828,0.391279318,0.322293815
2.215,0.595021495,0.538042409,0.498369898,0.468422713,0.39333169,0.323839941
2.2175,0.597231945,0.539557343,0.500261612,0.469978377,0.396593472,0.325707998
2.22,0.599225164,0.541222284,0.502418061,0.470861994,0.399214595,0.327780572
2.2225,0.60034696,0.542444694,0.504227781,0.471289353,0.400736656,0.329908527
2.225,0.600867461,0.543349704,0.505152786,0.471574434,0.40139968,0.331765346
2.2275,0.601234523,0.544186884,0.505428709,0.471818806,0.401617687,0.333037664
2.23,0.601459251,0.544782423,0.505497029,0.47204135,0.401817088,0.333789742
2.2325,0.601402621,0.544835417,0.50547636,0.472152338,0.402099061,0.334220884
2.235,0.60108621,0.54437051,0.505338625,0.472028512,0.402413666,0.334439857
2.2375,0.600616853,0.543588115,0.505061466,0.471728318,0.402677957,0.334507085
2.24,0.600080104,0.542685248,0.504634826,0.471419831,0.402794553,0.334491831
2.2425,0.599539546,0.541765199,0.504198988,0.471162138,0.402776942,0.334468507
2.245,0.59892697,0.54084857,0.504017198,0.470917569,0.402734527,0.334467946
2.2475,0.598045825,0.539935473,0.504068086,0.470658541,0.402728481,0.334476074
2.25,0.597009665,0.539005988,0.503985949,0.470374038,0.402757463,0.334478506
2.2525,0.596376264,0.538133636,0.503667805,0.470087142,0.402784225,0.334463501
2.255,0.596368038,0.537548918,0.503481239,0.469875807,0.40271826,0.334442906
2.2575,0.59648281,0.537357889,0.503618935,0.469759734,0.402548658,0.334474349
2.26,0.596134142,0.537342644,0.50376335,0.469611065,0.402461321,0.33450809
2.2625,0.594979912,0.537240343,0.503622874,0.469273624,0.402579851,0.334182516
2.265,0.593486111,0.53679774,0.503230989,0.468566791,0.402729458,0.333274212
2.2675,0.592155601,0.535927052,0.502696829,0.467406346,0.402687174,0.332320197
2.27,0.590872074,0.534717608,0.502170152,0.466191309,0.402294001,0.331879292
2.2725,0.589350908,0.533267478,0.501706102,0.465376232,0.401447965,0.331558463
2.275,0.587417193,0.531692362,0.500624583,0.464804539,0.400310402,0.330956091
2.2775,0.584986079,0.530256736,0.49855143,0.464092149,0.399143915,0.330247573
2.28,0.582425296,0.529256349,0.496385572,0.463178672,0.398105338,0.329648857
2.2825,0.580333798,0.528425999,0.495115324,0.462187837,0.397276138,0.329150551
2.285,0.57870973,0.527137478,0.494618311,0.461111457,0.396531964,0.328590895
2.2875,0.577067664,0.525360802,0.493886705,0.459838773,0.395588897,0.327905272
2.29,0.575220674,0.523640996,0.492556512,0.458468775,0.394392516,0.327125323
2.2925,0.573333479,0.522283021,0.491015318,0.457335962,0.393151263,0.32628657
2.295,0.571567479,0.521244028,0.489544353,0.456548016,0.392042529,0.325424533
2.2975,0.570049159,0.520434721,0.488197643,0.455841699,0.391173221,0.324574735
2.3,0.568769632,0.51972441,0.486986404,0.454995797,0.390533396,0.323772707
2.3025,0.567434057,0.518989227,0.485871579,0.453948892,0.389873797,0.323058456
2.305,0.565853489,0.51813413,0.484811669,0.452730234,0.389043958,0.322483473
2.3075,0.564277182,0.517112012,0.483777756,0.451582849,0.388291261,0.322066284
2.31,0.562994716,0.516034816,0.482770275,0.450713899,0.387842397,0.321697902
2.3125,0.562105471,0.514991532,0.481908297,0.449993344,0.387499176,0.321254399
2.315,0.561581463,0.513756992,0.48130477,0.449229449,0.386985004,0.32068736
2.3175,0.560915856,0.5120952,0.480825483,0.448428497,0.386268472,0.319965738
2.32,0.559564933,0.510487373,0.480236569,0.447650915,0.385413835,0.319000412
2.3225,0.558418134,0.509659543,0.4792799,0.446733047,0.384479078,0.317704687
2.325,0.558777893,0.509284544,0.477710317,0.445418077,0.383512658,0.316338425
2.3275,0.556368561,0.508394372,0.475670208,0.443899666,0.382475106,0.315362014
2.33,0.549178224,0.506862805,0.473590787,0.442696893,0.381268889,0.314767945
2.3325,0.547921998,0.505316826,0.471728934,0.441845161,0.38002243,0.314132563
2.335,0.547920865,0.504022166,0.470150382,0.440870177,0.379096081,0.313237955
2.3375,0.546641776,0.50276979,0.468898913,0.439636529,0.378507069,0.312138273
2.34,0.545393851,0.501570402,0.467999265,0.438532617,0.377762384,0.310936581
2.3425,0.545060982,0.500857762,0.467420862,0.437803026,0.376605988,0.309790514
2.345,0.545392253,0.500907944,0.467025051,0.437321277,0.375337843,0.30881243
2.3475,0.546112613,0.501523598,0.466709044,0.436933804,0.374226094,0.307994241
2.35,0.547263314,0.502435311,0.466508362,0.43653606,0.373260195,0.307303467
2.3525,0.54886808,0.503363011,0.466458661,0.436081598,0.372397885,0.306684372
2.355,0.550653023,0.504086422,0.466497173,0.435725152,0.371667342,0.306097262
2.3575,0.552316296,0.504688306,0.466539484,0.435607803,0.371095717,0.305604829
2.36,0.553836407,0.505306411,0.466520951,0.435489665,0.370598875,0.305264501
2.3625,0.555253227,0.505812537,0.466385992,0.435037425,0.3700683,0.304874228
2.365,0.556253125,0.505991783,0.466095084,0.434310995,0.369535609,0.304152872
2.3675,0.556387839,0.505934174,0.465618573,0.433554999,0.36908793,0.30317559
2.37,0.555834362,0.505901044,0.464948588,0.432785029,0.368593225,0.302219574
2.3725,0.555112699,0.505923772,0.464096343,0.431859382,0.367777241,0.30132608
2.375,0.554383003,0.505842549,0.463153672,0.43078939,0.366680915,0.300341829
2.3775,0.553723045,0.505589071,0.462287717,0.42973813,0.36565106,0.299265416
2.38,0.553209198,0.505207593,0.461525399,0.428801784,0.364776877,0.298274786
2.3825,0.552828937,0.504782813,0.460700889,0.427976758,0.363784509,0.297415351
2.385,0.552429215,0.504452889,0.459712517,0.427156025,0.362574936,0.296522356
2.3875,0.551917248,0.504191453,0.458603988,0.426052782,0.36142369,0.295555551
2.39,0.551361023,0.503597919,0.457434756,0.424569377,0.360546083,0.29455248
2.3925,0.550790721,0.502408902,0.456261726,0.423156865,0.359891404,0.293551438
2.395,0.550050465,0.500948406,0.455139896,0.422209196,0.359361924,0.292590722
2.3975,0.548948003,0.499655277,0.454124225,0.421571151,0.358845388,0.291708625
2.4,0.54729108,0.49896836,0.453269666,0.420958515,0.35822613,0.290943444
2.4025,0.54729108,0.49896836,0.453269666,0.420958515,0.35822613,0.290943444
